{
  "dataset": {
    "input_csv": "/content/auction_snapshots.csv",
    "rows_total": 4396,
    "rows_train": 3514,
    "rows_test": 882,
    "auctions_total": 628,
    "auctions_train": 502,
    "auctions_test": 126,
    "snapshot_pct_values": [
      "0.25",
      "0.50",
      "0.75",
      "0.85",
      "0.90",
      "0.95",
      "1.00"
    ]
  },
  "leakage_check": {
    "train_test_auction_overlap_count": 0
  },
  "overall": {
    "item_median_baseline": {
      "mae": 158.06980158730158,
      "rmse": 454.8927111599704
    },
    "opening_bid_linear_baseline": {
      "mae": 177.4016129262969,
      "rmse": 367.48519794014936
    },
    "current_price_heuristic_baseline": {
      "mae": 80.73320861678005,
      "rmse": 171.75637409112275
    },
    "random_forest_point_model": {
      "mae": 71.91917376907355,
      "rmse": 193.07793348134388
    }
  },
  "by_snapshot_pct": {
    "item_median_baseline": {
      "0.25": {
        "mae": 158.0698015873016,
        "rmse": 454.8927111599704
      },
      "0.50": {
        "mae": 158.0698015873016,
        "rmse": 454.8927111599704
      },
      "0.75": {
        "mae": 158.0698015873016,
        "rmse": 454.8927111599704
      },
      "0.85": {
        "mae": 158.0698015873016,
        "rmse": 454.8927111599704
      },
      "0.90": {
        "mae": 158.0698015873016,
        "rmse": 454.8927111599704
      },
      "0.95": {
        "mae": 158.0698015873016,
        "rmse": 454.8927111599704
      },
      "1.00": {
        "mae": 158.0698015873016,
        "rmse": 454.8927111599704
      }
    },
    "opening_bid_linear_baseline": {
      "0.25": {
        "mae": 177.4016129262969,
        "rmse": 367.48519794014936
      },
      "0.50": {
        "mae": 177.4016129262969,
        "rmse": 367.48519794014936
      },
      "0.75": {
        "mae": 177.4016129262969,
        "rmse": 367.48519794014936
      },
      "0.85": {
        "mae": 177.4016129262969,
        "rmse": 367.48519794014936
      },
      "0.90": {
        "mae": 177.4016129262969,
        "rmse": 367.48519794014936
      },
      "0.95": {
        "mae": 177.4016129262969,
        "rmse": 367.48519794014936
      },
      "1.00": {
        "mae": 177.4016129262969,
        "rmse": 367.48519794014936
      }
    },
    "current_price_heuristic_baseline": {
      "0.25": {
        "mae": 174.78992063492063,
        "rmse": 292.780920307372
      },
      "0.50": {
        "mae": 136.82238095238094,
        "rmse": 247.99180516094506
      },
      "0.75": {
        "mae": 82.99698412698412,
        "rmse": 140.2972151065967
      },
      "0.85": {
        "mae": 69.46238095238095,
        "rmse": 131.56667041876284
      },
      "0.90": {
        "mae": 58.711825396825404,
        "rmse": 123.06777537484899
      },
      "0.95": {
        "mae": 42.34896825396826,
        "rmse": 84.51264340932514
      },
      "1.00": {
        "mae": 0.0,
        "rmse": 0.0
      }
    },
    "random_forest_point_model": {
      "0.25": {
        "mae": 84.13444554038324,
        "rmse": 200.2813274623341
      },
      "0.50": {
        "mae": 82.93659806150744,
        "rmse": 211.76287840430186
      },
      "0.75": {
        "mae": 72.00286338037772,
        "rmse": 198.49493933713842
      },
      "0.85": {
        "mae": 71.94036260221718,
        "rmse": 189.15868351439858
      },
      "0.90": {
        "mae": 71.75643347005527,
        "rmse": 189.73307329605785
      },
      "0.95": {
        "mae": 66.67983371446164,
        "rmse": 182.32043574406725
      },
      "1.00": {
        "mae": 53.98367961451244,
        "rmse": 177.69879880912376
      }
    }
  },
  "by_item_name": {
    "item_median_baseline": {
      "Cartier wristwatch": {
        "mae": 616.1706896551724,
        "rmse": 945.9371736245636
      },
      "Palm Pilot M515 PDA": {
        "mae": 14.838582089552238,
        "rmse": 17.85702222965654
      },
      "Xbox game console": {
        "mae": 35.122,
        "rmse": 58.41468074608186
      }
    },
    "opening_bid_linear_baseline": {
      "Cartier wristwatch": {
        "mae": 459.99567080176666,
        "rmse": 732.0293098762118
      },
      "Palm Pilot M515 PDA": {
        "mae": 72.17238935923682,
        "rmse": 111.66307786633186
      },
      "Xbox game console": {
        "mae": 139.23928961311023,
        "rmse": 146.07957028066232
      }
    },
    "current_price_heuristic_baseline": {
      "Cartier wristwatch": {
        "mae": 185.98783251231526,
        "rmse": 332.26523352342235
      },
      "Palm Pilot M515 PDA": {
        "mae": 50.7410447761194,
        "rmse": 76.97056481245265
      },
      "Xbox game console": {
        "mae": 45.969571428571435,
        "rmse": 62.845587097417166
      }
    },
    "random_forest_point_model": {
      "Cartier wristwatch": {
        "mae": 258.0863368609742,
        "rmse": 399.46155478370457
      },
      "Palm Pilot M515 PDA": {
        "mae": 10.251438913341234,
        "rmse": 14.552647235142581
      },
      "Xbox game console": {
        "mae": 29.68219062470508,
        "rmse": 42.99590291938688
      }
    }
  }
}